perturbation,url_sha256,target,original_score,perturbed_score,signed_drift,absolute_drift,original_prediction,perturbed_prediction,flipped
scheme_toggle,1a1c1cc7f6a4af8e8eb8b4fa109959b48dbc43fa049a2da7cbed9a6999091319,1,0.9997394321061164,0.9997394321061164,0.0,0.0,1,1,False
scheme_toggle,d863e2ffac69dbd365e36002eef1dea4d5846011fb3a86c262af3b6527bae329,1,0.9999761994641024,0.9999761994641024,0.0,0.0,1,1,False
scheme_toggle,4cfbd22e3e824eaab9bd28537c417c79a85e504b68c91e883c3391acff5657e6,1,0.999033602709572,0.999033602709572,0.0,0.0,1,1,False
scheme_toggle,e3b790e4c851b63838793945ffda3242cd38c404c3689acad763652518a2ca90,1,0.9977746132621035,0.9977746132621035,0.0,0.0,1,1,False
scheme_toggle,0e8bd5f08559898eee1504030ff235febc9c878502e6ddd1595191c717acbbf8,1,0.9997029062432756,0.9997029062432756,0.0,0.0,1,1,False
scheme_toggle,a0f002d1e7a542bb3cd23e2239d1b69cd5865af39cf5494affd0c0e29cd68fa0,1,0.9999459349141685,0.9999459349141685,0.0,0.0,1,1,False
scheme_toggle,f68a75f3707528970d977c5df824ea5e82124c55f33ceea1725d12693889a345,1,0.971881756973906,0.971881756973906,0.0,0.0,1,1,False
scheme_toggle,3f2870c4913a8dd40817fef4522f3e816b0ea62040e4f33f2e4b163d2a40a41a,1,0.9972791939931033,0.9972791939931033,0.0,0.0,1,1,False
scheme_toggle,04df14e46ee7e2c61e076c1e598baed76a450b191a83b3ebbfef5651a4554605,1,0.9997852708549709,0.9997852708549709,0.0,0.0,1,1,False
scheme_toggle,71b0b218948cd75aab0a3e91af966f7cb14cafd712c8bd49d27b2d1034c2713e,1,0.9984821543424202,0.9984821543424202,0.0,0.0,1,1,False
www_toggle,1a1c1cc7f6a4af8e8eb8b4fa109959b48dbc43fa049a2da7cbed9a6999091319,1,0.9997394321061164,0.9997394321061164,0.0,0.0,1,1,False
www_toggle,d863e2ffac69dbd365e36002eef1dea4d5846011fb3a86c262af3b6527bae329,1,0.9999761994641024,0.9999761994641024,0.0,0.0,1,1,False
www_toggle,4cfbd22e3e824eaab9bd28537c417c79a85e504b68c91e883c3391acff5657e6,1,0.999033602709572,0.999033602709572,0.0,0.0,1,1,False
www_toggle,e3b790e4c851b63838793945ffda3242cd38c404c3689acad763652518a2ca90,1,0.9977746132621035,0.9977746132621035,0.0,0.0,1,1,False
www_toggle,0e8bd5f08559898eee1504030ff235febc9c878502e6ddd1595191c717acbbf8,1,0.9997029062432756,0.9997029062432756,0.0,0.0,1,1,False
www_toggle,a0f002d1e7a542bb3cd23e2239d1b69cd5865af39cf5494affd0c0e29cd68fa0,1,0.9999459349141685,0.9999459349141685,0.0,0.0,1,1,False
www_toggle,f68a75f3707528970d977c5df824ea5e82124c55f33ceea1725d12693889a345,1,0.971881756973906,0.971881756973906,0.0,0.0,1,1,False
www_toggle,3f2870c4913a8dd40817fef4522f3e816b0ea62040e4f33f2e4b163d2a40a41a,1,0.9972791939931033,0.9972791939931033,0.0,0.0,1,1,False
www_toggle,04df14e46ee7e2c61e076c1e598baed76a450b191a83b3ebbfef5651a4554605,1,0.9997852708549709,0.9997852708549709,0.0,0.0,1,1,False
www_toggle,71b0b218948cd75aab0a3e91af966f7cb14cafd712c8bd49d27b2d1034c2713e,1,0.9984821543424202,0.9984821543424202,0.0,0.0,1,1,False
host_case,1a1c1cc7f6a4af8e8eb8b4fa109959b48dbc43fa049a2da7cbed9a6999091319,1,0.9997394321061164,0.9997394321061164,0.0,0.0,1,1,False
host_case,d863e2ffac69dbd365e36002eef1dea4d5846011fb3a86c262af3b6527bae329,1,0.9999761994641024,0.9999761994641024,0.0,0.0,1,1,False
host_case,4cfbd22e3e824eaab9bd28537c417c79a85e504b68c91e883c3391acff5657e6,1,0.999033602709572,0.999033602709572,0.0,0.0,1,1,False
host_case,e3b790e4c851b63838793945ffda3242cd38c404c3689acad763652518a2ca90,1,0.9977746132621035,0.9977746132621035,0.0,0.0,1,1,False
host_case,0e8bd5f08559898eee1504030ff235febc9c878502e6ddd1595191c717acbbf8,1,0.9997029062432756,0.9997029062432756,0.0,0.0,1,1,False
host_case,a0f002d1e7a542bb3cd23e2239d1b69cd5865af39cf5494affd0c0e29cd68fa0,1,0.9999459349141685,0.9999459349141685,0.0,0.0,1,1,False
host_case,3f2870c4913a8dd40817fef4522f3e816b0ea62040e4f33f2e4b163d2a40a41a,1,0.9972791939931033,0.9972791939931033,0.0,0.0,1,1,False
host_case,04df14e46ee7e2c61e076c1e598baed76a450b191a83b3ebbfef5651a4554605,1,0.9997852708549709,0.9997852708549709,0.0,0.0,1,1,False
host_case,71b0b218948cd75aab0a3e91af966f7cb14cafd712c8bd49d27b2d1034c2713e,1,0.9984821543424202,0.9984821543424202,0.0,0.0,1,1,False
host_case,586100e83c9073a44b47d7e4096aabdc9bc42eb80eda3f61c913ac0f064d7ddc,1,0.9976760815146395,0.9976760815146395,0.0,0.0,1,1,False
trailing_slash,fa12db568f2a79bb368f1d1d431b520e5fdfe8d060a381ef616cb12253142066,0,0.015013810389078185,0.9999849559598015,0.9849711455707233,0.9849711455707233,0,1,True
trailing_slash,daf1ad6d479910a7b4e7c9ccb3a71d9cb26ea842d8c33fa01f21c3076b8fe3f5,0,0.007404978029132195,0.9879367641881817,0.9805317861590495,0.9805317861590495,0,1,True
trailing_slash,521f32d5671c890348130ed819b1d1b460989f6c40c7830a844af9e62941b93c,0,0.018065201378226533,0.9953049959913594,0.9772397946131328,0.9772397946131328,0,1,True
trailing_slash,458fe0ea6ae8f4135920a82b083806083cb7523683f4ff2d9cd7df022b398d16,0,0.026387083198030507,0.9999839267402908,0.9735968435422603,0.9735968435422603,0,1,True
trailing_slash,c3554da5b5d9ad32f3768a3a07b735c05e244d2e8055683f45ca66b572f6b572,0,0.01637471085557812,0.9894509752827795,0.9730762644272014,0.9730762644272014,0,1,True
trailing_slash,76483f1d3303796c006789beb458c7384157812a3d62c75921aac41e94a3ef3e,0,0.026041366628475258,0.999012893696684,0.9729715270682088,0.9729715270682088,0,1,True
trailing_slash,9d9a30bb478980655ab0620a2403b54c5af43950993c31413dcb4850c90a8235,0,0.024946501949252724,0.9978238824663802,0.9728773805171275,0.9728773805171275,0,1,True
trailing_slash,fdada09cc2e9ab587a6bbd06b4c302d5790a25f36052d09be05a06a482ecab1d,0,0.016110013471330245,0.9883790719517725,0.9722690584804423,0.9722690584804423,0,1,True
trailing_slash,f3dc13e3ad8f26120be362a2dc32c57d8c0d7a38cebc74bf1c727c9e47375e06,0,0.026693205991483615,0.9984498533923637,0.9717566474008801,0.9717566474008801,0,1,True
trailing_slash,1bd3049fa35dc7443ce2edc3bc466a447aa04cbad2074905e818425a63d634f6,0,0.013178626980523854,0.9846114272501508,0.971432800269627,0.971432800269627,0,1,True
query_order,8a9c2fc440a7020d7d08df1bcdc5b0fa990df7c3e94bad8de7c0f4e6262d5e67,1,0.9593659259709449,0.9454172427718951,-0.01394868319904985,0.01394868319904985,1,1,False
query_order,e0c85f93e6439a52028d3b9faf0069858e126c5109ef29ee95e2fa42d8834eca,1,0.9240667723184265,0.9144553468627078,-0.009611425455718692,0.009611425455718692,1,1,False
query_order,9b809dfb68f9399544868353e05371a13c7c8b1fb26a306aa75a608145da198e,1,0.6748021016207302,0.6839866150005972,0.009184513379867032,0.009184513379867032,0,0,False
query_order,e80588a3a519f7a0cc818b8ce1e4a4091f086864125fd832f3eaae8eb3d91387,1,0.9221730600427399,0.9298504687127453,0.007677408670005437,0.007677408670005437,1,1,False
query_order,4191a342a27c618684208be241b52d3cfb84b11e4ab431b5e2479e862b982646,1,0.9844469164152428,0.9780236837438215,-0.006423232671421308,0.006423232671421308,1,1,False
query_order,faa171c8ca07d5325031a9b2087023d6abe89cd7d0a89511ab55592f4dfc2537,1,0.9401371822008329,0.9341731709218039,-0.005964011279029013,0.005964011279029013,1,1,False
query_order,6828f204c82f280ba84dea4a6b2ef7aea262612e9416a42f2dffc8c7862d2fe7,1,0.9681801658714687,0.9631182728882284,-0.005061892983240335,0.005061892983240335,1,1,False
query_order,e0508d6d1ce5df4b619154c77a7deb27a442b1207fecb4896567ab4fee21204b,1,0.9681801658714687,0.9631182728882284,-0.005061892983240335,0.005061892983240335,1,1,False
query_order,3478dd30ec344f2e1d862e77684b9d202acce4869687ca675d9f83c3ca62691c,1,0.9749037272373109,0.9702083800815579,-0.004695347155753038,0.004695347155753038,1,1,False
query_order,0a96b376bec72364b17fe7521d305a8d855a6a7c5ad0ed632c79583fd8aa133e,1,0.9901320476310361,0.9864825065502508,-0.0036495410807853013,0.0036495410807853013,1,1,False
