threshold,n_samples,true_positive,false_positive,true_negative,false_negative,precision,recall,specificity,false_positive_rate,f1,accuracy,predicted_positive_rate,average_precision,roc_auc,brier_score,expected_calibration_error,simulated_cost,simulated_cost_per_10000
0.0,47030,20060,26970,0,0,0.4265362534552413,1.0,0.0,1.0,0.5980026829631838,0.4265362534552413,1.0,0.7745391180964103,0.8119937175865802,0.39844778864554536,0.4104709759727833,53940.0,11469.274930895172
0.01,47030,12939,440,26530,7121,0.9671126392107033,0.6450149551345962,0.9836855765665554,0.016314423433444566,0.7738867789108526,0.8392302785456092,0.28447799277057195,0.7745391180964103,0.8119937175865802,0.39844778864554536,0.4104709759727833,178905.0,38040.612375079734
0.02,47030,12939,440,26530,7121,0.9671126392107033,0.6450149551345962,0.9836855765665554,0.016314423433444566,0.7738867789108526,0.8392302785456092,0.28447799277057195,0.7745391180964103,0.8119937175865802,0.39844778864554536,0.4104709759727833,178905.0,38040.612375079734
0.03,47030,4798,440,26530,15262,0.9159984726995036,0.23918245264207377,0.9836855765665554,0.016314423433444566,0.3793185232034153,0.6661280034020838,0.11137571762704657,0.7745391180964103,0.8119937175865802,0.39844778864554536,0.4104709759727833,382430.0,81316.18116096109
0.04,47030,4499,440,26530,15561,0.910913140311804,0.22427716849451645,0.9836855765665554,0.016314423433444566,0.35993439737589505,0.6597703593450989,0.10501807357006167,0.7745391180964103,0.8119937175865802,0.39844778864554536,0.4104709759727833,389905.0,82905.59217520732
0.05,47030,4499,440,26530,15561,0.910913140311804,0.22427716849451645,0.9836855765665554,0.016314423433444566,0.35993439737589505,0.6597703593450989,0.10501807357006167,0.7745391180964103,0.8119937175865802,0.39844778864554536,0.4104709759727833,389905.0,82905.59217520732
0.06,47030,3702,103,26867,16358,0.9729303547963206,0.18454636091724824,0.996180941787171,0.003819058212829069,0.31024512884978,0.649989368488199,0.08090580480544333,0.7745391180964103,0.8119937175865802,0.39844778864554536,0.4104709759727833,409156.0,86998.93684881991
0.07,47030,3702,103,26867,16358,0.9729303547963206,0.18454636091724824,0.996180941787171,0.003819058212829069,0.31024512884978,0.649989368488199,0.08090580480544333,0.7745391180964103,0.8119937175865802,0.39844778864554536,0.4104709759727833,409156.0,86998.93684881991
0.08,47030,2505,103,26867,17555,0.9605061349693251,0.1248753738783649,0.996180941787171,0.003819058212829069,0.22101641079936474,0.6245375292366575,0.055453965553901766,0.7745391180964103,0.8119937175865802,0.39844778864554536,0.4104709759727833,439081.0,93361.8966617053
0.09,47030,2167,76,26894,17893,0.966116807846634,0.1080259222333001,0.9971820541342232,0.002817945865776789,0.19432363359189347,0.6179247288964491,0.047692961939187754,0.7745391180964103,0.8119937175865802,0.39844778864554536,0.4104709759727833,447477.0,95147.14012332555
0.1,47030,2167,76,26894,17893,0.966116807846634,0.1080259222333001,0.9971820541342232,0.002817945865776789,0.19432363359189347,0.6179247288964491,0.047692961939187754,0.7745391180964103,0.8119937175865802,0.39844778864554536,0.4104709759727833,447477.0,95147.14012332555
0.11,47030,1913,56,26914,18147,0.9715591670898933,0.09536390827517448,0.9979236188357434,0.0020763811642565814,0.1736801488946389,0.6129491813735913,0.041866893472251754,0.7745391180964103,0.8119937175865802,0.39844778864554536,0.4104709759727833,453787.0,96488.83691260897
0.12,47030,1877,56,26914,18183,0.9710294878427315,0.09356929212362912,0.9979236188357434,0.0020763811642565814,0.17069067430546084,0.6121837125239209,0.04110142462258133,0.7745391180964103,0.8119937175865802,0.39844778864554536,0.4104709759727833,454687.0,96680.20412502658
0.13,47030,1191,0,26970,18869,1.0,0.05937188434695912,1.0,0.0,0.11208884287798221,0.5987880076546885,0.025324261109929833,0.7745391180964103,0.8119937175865802,0.39844778864554536,0.4104709759727833,471725.0,100302.99808632786
0.14,47030,1064,0,26970,18996,1.0,0.05304087736789631,1.0,0.0,0.10073849649687559,0.59608760365724,0.022623857112481396,0.7745391180964103,0.8119937175865802,0.39844778864554536,0.4104709759727833,474900.0,100978.09908568997
0.15,47030,749,0,26970,19311,1.0,0.037337986041874376,1.0,0.0,0.07198808207986929,0.5893897512226238,0.01592600467786519,0.7745391180964103,0.8119937175865802,0.39844778864554536,0.4104709759727833,482775.0,102652.56219434403
0.16,47030,695,0,26970,19365,1.0,0.03464606181455633,1.0,0.0,0.0669718140207179,0.5882415479481182,0.014777801403359558,0.7745391180964103,0.8119937175865802,0.39844778864554536,0.4104709759727833,484125.0,102939.61301297044
0.17,47030,609,0,26970,19451,1.0,0.030358923230309073,1.0,0.0,0.0589288306158982,0.58641292791835,0.012949181373591325,0.7745391180964103,0.8119937175865802,0.39844778864554536,0.4104709759727833,486275.0,103396.7680204125
0.18,47030,581,0,26970,19479,1.0,0.028963110667996013,1.0,0.0,0.05629572210648709,0.5858175632574952,0.01235381671273655,0.7745391180964103,0.8119937175865802,0.39844778864554536,0.4104709759727833,486975.0,103545.60918562619
0.19,47030,562,0,26970,19498,1.0,0.028015952143569292,1.0,0.0,0.05450489768208709,0.585413565809058,0.011949819264299383,0.7745391180964103,0.8119937175865802,0.39844778864554536,0.4104709759727833,487450.0,103646.60854773548
0.2,47030,539,0,26970,19521,1.0,0.026869391824526422,1.0,0.0,0.05233263750667508,0.584924516266213,0.01146076972145439,0.7745391180964103,0.8119937175865802,0.39844778864554536,0.4104709759727833,488025.0,103768.87093344674
0.21,47030,475,0,26970,19585,1.0,0.023678963110667996,1.0,0.0,0.046262478694911124,0.5835636827556878,0.010099936210929195,0.7745391180964103,0.8119937175865802,0.39844778864554536,0.4104709759727833,489625.0,104109.07931107804
0.22,47030,427,0,26970,19633,1.0,0.021286141575274177,1.0,0.0,0.04168497095719237,0.582543057622794,0.009079311078035297,0.7745391180964103,0.8119937175865802,0.39844778864554536,0.4104709759727833,490825.0,104364.23559430151
0.23,47030,372,0,26970,19688,1.0,0.018544366899302094,1.0,0.0,0.03641346906812842,0.5813735913246864,0.007909844779927705,0.7745391180964103,0.8119937175865802,0.39844778864554536,0.4104709759727833,492200.0,104656.60216882841
0.24,47030,359,0,26970,19701,1.0,0.017896311066799602,1.0,0.0,0.0351633282726872,0.5810971720178609,0.007633425473102275,0.7745391180964103,0.8119937175865802,0.39844778864554536,0.4104709759727833,492525.0,104725.70699553475
0.25,47030,336,0,26970,19724,1.0,0.01674975074775673,1.0,0.0,0.03294763679152775,0.5806081224750159,0.007144375930257282,0.7745391180964103,0.8119937175865802,0.39844778864554536,0.4104709759727833,493100.0,104847.96938124602
0.26,47030,324,0,26970,19736,1.0,0.016151545363908275,1.0,0.0,0.031789638932496075,0.5803529661917924,0.006889219647033808,0.7745391180964103,0.8119937175865802,0.39844778864554536,0.4104709759727833,493400.0,104911.75845205187
0.27,47030,306,0,26970,19754,1.0,0.015254237288135594,1.0,0.0,0.03005008347245409,0.5799702317669573,0.0065064852221985965,0.7745391180964103,0.8119937175865802,0.39844778864554536,0.4104709759727833,493850.0,105007.44205826068
0.28,47030,303,0,26970,19757,1.0,0.01510468594217348,1.0,0.0,0.02975985856700879,0.5799064426961514,0.006442696151392728,0.7745391180964103,0.8119937175865802,0.39844778864554536,0.4104709759727833,493925.0,105023.38932596215
0.29,47030,277,0,26970,19783,1.0,0.013808574277168495,1.0,0.0,0.027240989329792988,0.5793536040825006,0.005889857537741867,0.7745391180964103,0.8119937175865802,0.39844778864554536,0.4104709759727833,494575.0,105161.59897937486
0.3,47030,263,0,26970,19797,1.0,0.013110667996011963,1.0,0.0,0.02588200560940806,0.5790559217520731,0.00559217520731448,0.7745391180964103,0.8119937175865802,0.39844778864554536,0.4104709759727833,494925.0,105236.01956198171
0.31,47030,240,0,26970,19820,1.0,0.011964107676969093,1.0,0.0,0.023645320197044337,0.5785668722092282,0.005103125664469487,0.7745391180964103,0.8119937175865802,0.39844778864554536,0.4104709759727833,495500.0,105358.28194769296
0.32,47030,229,0,26970,19831,1.0,0.011415752741774676,1.0,0.0,0.022573808467642564,0.5783329789496067,0.00486923240484797,0.7745391180964103,0.8119937175865802,0.39844778864554536,0.4104709759727833,495775.0,105416.75526259834
0.33,47030,227,0,26970,19833,1.0,0.0113160518444666,1.0,0.0,0.022378863311480257,0.5782904529024028,0.004826706357644057,0.7745391180964103,0.8119937175865802,0.39844778864554536,0.4104709759727833,495825.0,105427.38677439932
0.34,47030,220,0,26970,19840,1.0,0.010967098703888335,1.0,0.0,0.021696252465483234,0.578141611737189,0.004677865192430364,0.7745391180964103,0.8119937175865802,0.39844778864554536,0.4104709759727833,496000.0,105464.59706570275
0.35,47030,211,0,26970,19849,1.0,0.010518444666001993,1.0,0.0,0.02081791722164669,0.5779502445247714,0.0044864979800127575,0.7745391180964103,0.8119937175865802,0.39844778864554536,0.4104709759727833,496225.0,105512.43886880715
0.35000000000000003,47030,208,0,26970,19852,1.0,0.01036889332003988,1.0,0.0,0.0205249654627985,0.5778864554539656,0.0044227089092068895,0.7745391180964103,0.8119937175865802,0.39844778864554536,0.4104709759727833,496300.0,105528.3861365086
0.36,47030,208,0,26970,19852,1.0,0.01036889332003988,1.0,0.0,0.0205249654627985,0.5778864554539656,0.0044227089092068895,0.7745391180964103,0.8119937175865802,0.39844778864554536,0.4104709759727833,496300.0,105528.3861365086
0.37,47030,197,0,26970,19863,1.0,0.009820538384845463,1.0,0.0,0.019450066643629364,0.577652562194344,0.004188815649585371,0.7745391180964103,0.8119937175865802,0.39844778864554536,0.4104709759727833,496575.0,105586.85945141398
0.38,47030,189,0,26970,19871,1.0,0.00942173479561316,1.0,0.0,0.01866758852289002,0.5774824580055283,0.004018711460769721,0.7745391180964103,0.8119937175865802,0.39844778864554536,0.4104709759727833,496775.0,105629.3854986179
0.39,47030,188,0,26970,19872,1.0,0.009371884346959123,1.0,0.0,0.018569735282497037,0.5774611949819264,0.003997448437167765,0.7745391180964103,0.8119937175865802,0.39844778864554536,0.4104709759727833,496800.0,105634.7012545184
0.4,47030,177,0,26970,19883,1.0,0.008823529411764706,1.0,0.0,0.01749271137026239,0.577227301722305,0.0037635551775462473,0.7745391180964103,0.8119937175865802,0.39844778864554536,0.4104709759727833,497075.0,105693.17456942378
0.41,47030,173,0,26970,19887,1.0,0.008624127617148555,1.0,0.0,0.01710077596006524,0.5771422496278971,0.0036785030831384224,0.7745391180964103,0.8119937175865802,0.39844778864554536,0.4104709759727833,497175.0,105714.43759302574
0.41000000000000003,47030,151,0,26970,19909,1.0,0.007527417746759721,1.0,0.0,0.014942358121814853,0.576674463108654,0.003210716563895386,0.7745391180964103,0.8119937175865802,0.39844778864554536,0.4104709759727833,497725.0,105831.38422283648
0.42,47030,151,0,26970,19909,1.0,0.007527417746759721,1.0,0.0,0.014942358121814853,0.576674463108654,0.003210716563895386,0.7745391180964103,0.8119937175865802,0.39844778864554536,0.4104709759727833,497725.0,105831.38422283648
0.43,47030,135,0,26970,19925,1.0,0.006729810568295114,1.0,0.0,0.01336964595196831,0.5763342547310227,0.002870508186264087,0.7745391180964103,0.8119937175865802,0.39844778864554536,0.4104709759727833,498125.0,105916.43631724431
0.44,47030,125,0,26970,19935,1.0,0.006231306081754736,1.0,0.0,0.01238543472875898,0.5761216244950031,0.002657877950244525,0.7745391180964103,0.8119937175865802,0.39844778864554536,0.4104709759727833,498375.0,105969.5938762492
0.45,47030,121,0,26970,19939,1.0,0.006031904287138584,1.0,0.0,0.0119914771319558,0.5760365724005954,0.0025728258558367,0.7745391180964103,0.8119937175865802,0.39844778864554536,0.4104709759727833,498475.0,105990.85689985116
0.46,47030,121,0,26970,19939,1.0,0.006031904287138584,1.0,0.0,0.0119914771319558,0.5760365724005954,0.0025728258558367,0.7745391180964103,0.8119937175865802,0.39844778864554536,0.4104709759727833,498475.0,105990.85689985116
0.47000000000000003,47030,119,0,26970,19941,1.0,0.005932203389830509,1.0,0.0,0.011794439764111205,0.5759940463533915,0.0025302998086327876,0.7745391180964103,0.8119937175865802,0.39844778864554536,0.4104709759727833,498525.0,106001.48841165213
0.48,47030,119,0,26970,19941,1.0,0.005932203389830509,1.0,0.0,0.011794439764111205,0.5759940463533915,0.0025302998086327876,0.7745391180964103,0.8119937175865802,0.39844778864554536,0.4104709759727833,498525.0,106001.48841165213
0.49,47030,119,0,26970,19941,1.0,0.005932203389830509,1.0,0.0,0.011794439764111205,0.5759940463533915,0.0025302998086327876,0.7745391180964103,0.8119937175865802,0.39844778864554536,0.4104709759727833,498525.0,106001.48841165213
0.5,47030,116,0,26970,19944,1.0,0.005782652043868395,1.0,0.0,0.011498810467882634,0.5759302572825856,0.002466510737826919,0.7745391180964103,0.8119937175865802,0.39844778864554536,0.4104709759727833,498600.0,106017.4356793536
0.51,47030,116,0,26970,19944,1.0,0.005782652043868395,1.0,0.0,0.011498810467882634,0.5759302572825856,0.002466510737826919,0.7745391180964103,0.8119937175865802,0.39844778864554536,0.4104709759727833,498600.0,106017.4356793536
0.52,47030,115,0,26970,19945,1.0,0.005732801595214357,1.0,0.0,0.011400247831474598,0.5759089942589837,0.002445247714224963,0.7745391180964103,0.8119937175865802,0.39844778864554536,0.4104709759727833,498625.0,106022.75143525409
0.53,47030,114,0,26970,19946,1.0,0.005682951146560319,1.0,0.0,0.01130167542381283,0.5758877312353816,0.0024239846906230064,0.7745391180964103,0.8119937175865802,0.39844778864554536,0.4104709759727833,498650.0,106028.06719115458
0.54,47030,114,0,26970,19946,1.0,0.005682951146560319,1.0,0.0,0.01130167542381283,0.5758877312353816,0.0024239846906230064,0.7745391180964103,0.8119937175865802,0.39844778864554536,0.4104709759727833,498650.0,106028.06719115458
0.55,47030,107,0,26970,19953,1.0,0.005333998005982054,1.0,0.0,0.010611394852977636,0.575738890070168,0.002275143525409313,0.7745391180964103,0.8119937175865802,0.39844778864554536,0.4104709759727833,498825.0,106065.27748245801
0.56,47030,107,0,26970,19953,1.0,0.005333998005982054,1.0,0.0,0.010611394852977636,0.575738890070168,0.002275143525409313,0.7745391180964103,0.8119937175865802,0.39844778864554536,0.4104709759727833,498825.0,106065.27748245801
0.5700000000000001,47030,107,0,26970,19953,1.0,0.005333998005982054,1.0,0.0,0.010611394852977636,0.575738890070168,0.002275143525409313,0.7745391180964103,0.8119937175865802,0.39844778864554536,0.4104709759727833,498825.0,106065.27748245801
0.58,47030,107,0,26970,19953,1.0,0.005333998005982054,1.0,0.0,0.010611394852977636,0.575738890070168,0.002275143525409313,0.7745391180964103,0.8119937175865802,0.39844778864554536,0.4104709759727833,498825.0,106065.27748245801
0.59,47030,98,0,26970,19962,1.0,0.004885343968095713,1.0,0.0,0.009723186824089692,0.5755475228577503,0.0020837763129917075,0.7745391180964103,0.8119937175865802,0.39844778864554536,0.4104709759727833,499050.0,106113.11928556241
0.6,47030,98,0,26970,19962,1.0,0.004885343968095713,1.0,0.0,0.009723186824089692,0.5755475228577503,0.0020837763129917075,0.7745391180964103,0.8119937175865802,0.39844778864554536,0.4104709759727833,499050.0,106113.11928556241
0.61,47030,98,0,26970,19962,1.0,0.004885343968095713,1.0,0.0,0.009723186824089692,0.5755475228577503,0.0020837763129917075,0.7745391180964103,0.8119937175865802,0.39844778864554536,0.4104709759727833,499050.0,106113.11928556241
0.62,47030,98,0,26970,19962,1.0,0.004885343968095713,1.0,0.0,0.009723186824089692,0.5755475228577503,0.0020837763129917075,0.7745391180964103,0.8119937175865802,0.39844778864554536,0.4104709759727833,499050.0,106113.11928556241
0.63,47030,98,0,26970,19962,1.0,0.004885343968095713,1.0,0.0,0.009723186824089692,0.5755475228577503,0.0020837763129917075,0.7745391180964103,0.8119937175865802,0.39844778864554536,0.4104709759727833,499050.0,106113.11928556241
0.64,47030,89,0,26970,19971,1.0,0.004436689930209372,1.0,0.0,0.00883418531937069,0.5753561556453327,0.0018924091005741016,0.7745391180964103,0.8119937175865802,0.39844778864554536,0.4104709759727833,499275.0,106160.96108866682
0.65,47030,89,0,26970,19971,1.0,0.004436689930209372,1.0,0.0,0.00883418531937069,0.5753561556453327,0.0018924091005741016,0.7745391180964103,0.8119937175865802,0.39844778864554536,0.4104709759727833,499275.0,106160.96108866682
0.66,47030,89,0,26970,19971,1.0,0.004436689930209372,1.0,0.0,0.00883418531937069,0.5753561556453327,0.0018924091005741016,0.7745391180964103,0.8119937175865802,0.39844778864554536,0.4104709759727833,499275.0,106160.96108866682
0.67,47030,68,0,26970,19992,1.0,0.003389830508474576,1.0,0.0,0.006756756756756757,0.5749096321496917,0.0014458856049330215,0.7745391180964103,0.8119937175865802,0.39844778864554536,0.4104709759727833,499800.0,106272.59196257708
0.68,47030,68,0,26970,19992,1.0,0.003389830508474576,1.0,0.0,0.006756756756756757,0.5749096321496917,0.0014458856049330215,0.7745391180964103,0.8119937175865802,0.39844778864554536,0.4104709759727833,499800.0,106272.59196257708
0.6900000000000001,47030,68,0,26970,19992,1.0,0.003389830508474576,1.0,0.0,0.006756756756756757,0.5749096321496917,0.0014458856049330215,0.7745391180964103,0.8119937175865802,0.39844778864554536,0.4104709759727833,499800.0,106272.59196257708
0.7000000000000001,47030,68,0,26970,19992,1.0,0.003389830508474576,1.0,0.0,0.006756756756756757,0.5749096321496917,0.0014458856049330215,0.7745391180964103,0.8119937175865802,0.39844778864554536,0.4104709759727833,499800.0,106272.59196257708
0.71,47030,68,0,26970,19992,1.0,0.003389830508474576,1.0,0.0,0.006756756756756757,0.5749096321496917,0.0014458856049330215,0.7745391180964103,0.8119937175865802,0.39844778864554536,0.4104709759727833,499800.0,106272.59196257708
0.72,47030,35,0,26970,20025,1.0,0.001744765702891326,1.0,0.0,0.0034834535954217467,0.5742079523708271,0.000744205826068467,0.7745391180964103,0.8119937175865802,0.39844778864554536,0.4104709759727833,500625.0,106448.01190729321
0.73,47030,35,0,26970,20025,1.0,0.001744765702891326,1.0,0.0,0.0034834535954217467,0.5742079523708271,0.000744205826068467,0.7745391180964103,0.8119937175865802,0.39844778864554536,0.4104709759727833,500625.0,106448.01190729321
0.74,47030,35,0,26970,20025,1.0,0.001744765702891326,1.0,0.0,0.0034834535954217467,0.5742079523708271,0.000744205826068467,0.7745391180964103,0.8119937175865802,0.39844778864554536,0.4104709759727833,500625.0,106448.01190729321
0.75,47030,35,0,26970,20025,1.0,0.001744765702891326,1.0,0.0,0.0034834535954217467,0.5742079523708271,0.000744205826068467,0.7745391180964103,0.8119937175865802,0.39844778864554536,0.4104709759727833,500625.0,106448.01190729321
0.76,47030,35,0,26970,20025,1.0,0.001744765702891326,1.0,0.0,0.0034834535954217467,0.5742079523708271,0.000744205826068467,0.7745391180964103,0.8119937175865802,0.39844778864554536,0.4104709759727833,500625.0,106448.01190729321
0.77,47030,33,0,26970,20027,1.0,0.0016450648055832502,1.0,0.0,0.0032847260239884535,0.5741654263236232,0.0007016797788645545,0.7745391180964103,0.8119937175865802,0.39844778864554536,0.4104709759727833,500675.0,106458.6434190942
0.78,47030,33,0,26970,20027,1.0,0.0016450648055832502,1.0,0.0,0.0032847260239884535,0.5741654263236232,0.0007016797788645545,0.7745391180964103,0.8119937175865802,0.39844778864554536,0.4104709759727833,500675.0,106458.6434190942
0.79,47030,33,0,26970,20027,1.0,0.0016450648055832502,1.0,0.0,0.0032847260239884535,0.5741654263236232,0.0007016797788645545,0.7745391180964103,0.8119937175865802,0.39844778864554536,0.4104709759727833,500675.0,106458.6434190942
0.8,47030,0,0,26970,20060,0.0,0.0,1.0,0.0,0.0,0.5734637465447586,0.0,0.7745391180964103,0.8119937175865802,0.39844778864554536,0.4104709759727833,501500.0,106634.06336381033
0.81,47030,0,0,26970,20060,0.0,0.0,1.0,0.0,0.0,0.5734637465447586,0.0,0.7745391180964103,0.8119937175865802,0.39844778864554536,0.4104709759727833,501500.0,106634.06336381033
0.8200000000000001,47030,0,0,26970,20060,0.0,0.0,1.0,0.0,0.0,0.5734637465447586,0.0,0.7745391180964103,0.8119937175865802,0.39844778864554536,0.4104709759727833,501500.0,106634.06336381033
0.8300000000000001,47030,0,0,26970,20060,0.0,0.0,1.0,0.0,0.0,0.5734637465447586,0.0,0.7745391180964103,0.8119937175865802,0.39844778864554536,0.4104709759727833,501500.0,106634.06336381033
0.84,47030,0,0,26970,20060,0.0,0.0,1.0,0.0,0.0,0.5734637465447586,0.0,0.7745391180964103,0.8119937175865802,0.39844778864554536,0.4104709759727833,501500.0,106634.06336381033
0.85,47030,0,0,26970,20060,0.0,0.0,1.0,0.0,0.0,0.5734637465447586,0.0,0.7745391180964103,0.8119937175865802,0.39844778864554536,0.4104709759727833,501500.0,106634.06336381033
0.86,47030,0,0,26970,20060,0.0,0.0,1.0,0.0,0.0,0.5734637465447586,0.0,0.7745391180964103,0.8119937175865802,0.39844778864554536,0.4104709759727833,501500.0,106634.06336381033
0.87,47030,0,0,26970,20060,0.0,0.0,1.0,0.0,0.0,0.5734637465447586,0.0,0.7745391180964103,0.8119937175865802,0.39844778864554536,0.4104709759727833,501500.0,106634.06336381033
0.88,47030,0,0,26970,20060,0.0,0.0,1.0,0.0,0.0,0.5734637465447586,0.0,0.7745391180964103,0.8119937175865802,0.39844778864554536,0.4104709759727833,501500.0,106634.06336381033
0.89,47030,0,0,26970,20060,0.0,0.0,1.0,0.0,0.0,0.5734637465447586,0.0,0.7745391180964103,0.8119937175865802,0.39844778864554536,0.4104709759727833,501500.0,106634.06336381033
0.9,47030,0,0,26970,20060,0.0,0.0,1.0,0.0,0.0,0.5734637465447586,0.0,0.7745391180964103,0.8119937175865802,0.39844778864554536,0.4104709759727833,501500.0,106634.06336381033
0.91,47030,0,0,26970,20060,0.0,0.0,1.0,0.0,0.0,0.5734637465447586,0.0,0.7745391180964103,0.8119937175865802,0.39844778864554536,0.4104709759727833,501500.0,106634.06336381033
0.92,47030,0,0,26970,20060,0.0,0.0,1.0,0.0,0.0,0.5734637465447586,0.0,0.7745391180964103,0.8119937175865802,0.39844778864554536,0.4104709759727833,501500.0,106634.06336381033
0.93,47030,0,0,26970,20060,0.0,0.0,1.0,0.0,0.0,0.5734637465447586,0.0,0.7745391180964103,0.8119937175865802,0.39844778864554536,0.4104709759727833,501500.0,106634.06336381033
0.9400000000000001,47030,0,0,26970,20060,0.0,0.0,1.0,0.0,0.0,0.5734637465447586,0.0,0.7745391180964103,0.8119937175865802,0.39844778864554536,0.4104709759727833,501500.0,106634.06336381033
0.9500000000000001,47030,0,0,26970,20060,0.0,0.0,1.0,0.0,0.0,0.5734637465447586,0.0,0.7745391180964103,0.8119937175865802,0.39844778864554536,0.4104709759727833,501500.0,106634.06336381033
0.96,47030,0,0,26970,20060,0.0,0.0,1.0,0.0,0.0,0.5734637465447586,0.0,0.7745391180964103,0.8119937175865802,0.39844778864554536,0.4104709759727833,501500.0,106634.06336381033
0.97,47030,0,0,26970,20060,0.0,0.0,1.0,0.0,0.0,0.5734637465447586,0.0,0.7745391180964103,0.8119937175865802,0.39844778864554536,0.4104709759727833,501500.0,106634.06336381033
0.98,47030,0,0,26970,20060,0.0,0.0,1.0,0.0,0.0,0.5734637465447586,0.0,0.7745391180964103,0.8119937175865802,0.39844778864554536,0.4104709759727833,501500.0,106634.06336381033
0.99,47030,0,0,26970,20060,0.0,0.0,1.0,0.0,0.0,0.5734637465447586,0.0,0.7745391180964103,0.8119937175865802,0.39844778864554536,0.4104709759727833,501500.0,106634.06336381033
1.0,47030,0,0,26970,20060,0.0,0.0,1.0,0.0,0.0,0.5734637465447586,0.0,0.7745391180964103,0.8119937175865802,0.39844778864554536,0.4104709759727833,501500.0,106634.06336381033
